document_id,company,stock_code,document_type,source_file,page_number,failure_type,reason
600373_2024_annual_report_71f1564c,中文传媒,600373,annual_report,02_raw_pdf/600373_中文传媒/annual_report/600373_中文传媒2024年年度报告1783930992444.pdf,26,needs_ocr,extracted text has fewer than 40 characters
600373_2024_annual_report_71f1564c,中文传媒,600373,annual_report,02_raw_pdf/600373_中文传媒/annual_report/600373_中文传媒2024年年度报告1783930992444.pdf,250,needs_ocr,extracted text has fewer than 40 characters
600678_2024_reply_a6d5d374,四川金顶,600678,reply,02_raw_pdf/600678_四川金顶/reply/600678_四川金顶集团股份有限公司关于上海证券交易所对公司2024年年度报告的信息披露监管问询函的回复公告1784019190299.pdf,6,needs_ocr,extracted text has fewer than 40 characters
600678_2024_supporting_5af803c2,四川金顶,600678,supporting,02_raw_pdf/600678_四川金顶/supporting/600678_中审亚太关于四川金顶2024年年度报告的信息披露监管问询函的回复1784019190446.pdf,1,needs_ocr,extracted text has fewer than 40 characters
600678_2024_supporting_5af803c2,四川金顶,600678,supporting,02_raw_pdf/600678_四川金顶/supporting/600678_中审亚太关于四川金顶2024年年度报告的信息披露监管问询函的回复1784019190446.pdf,2,needs_ocr,extracted text has fewer than 40 characters
600678_2024_supporting_5af803c2,四川金顶,600678,supporting,02_raw_pdf/600678_四川金顶/supporting/600678_中审亚太关于四川金顶2024年年度报告的信息披露监管问询函的回复1784019190446.pdf,3,needs_ocr,extracted text has fewer than 40 characters
600678_2024_supporting_5af803c2,四川金顶,600678,supporting,02_raw_pdf/600678_四川金顶/supporting/600678_中审亚太关于四川金顶2024年年度报告的信息披露监管问询函的回复1784019190446.pdf,4,needs_ocr,extracted text has fewer than 40 characters
600678_2024_supporting_5af803c2,四川金顶,600678,supporting,02_raw_pdf/600678_四川金顶/supporting/600678_中审亚太关于四川金顶2024年年度报告的信息披露监管问询函的回复1784019190446.pdf,5,needs_ocr,extracted text has fewer than 40 characters
600678_2024_supporting_5af803c2,四川金顶,600678,supporting,02_raw_pdf/600678_四川金顶/supporting/600678_中审亚太关于四川金顶2024年年度报告的信息披露监管问询函的回复1784019190446.pdf,6,needs_ocr,extracted text has fewer than 40 characters
600678_2024_supporting_5af803c2,四川金顶,600678,supporting,02_raw_pdf/600678_四川金顶/supporting/600678_中审亚太关于四川金顶2024年年度报告的信息披露监管问询函的回复1784019190446.pdf,7,needs_ocr,extracted text has fewer than 40 characters
600678_2024_supporting_5af803c2,四川金顶,600678,supporting,02_raw_pdf/600678_四川金顶/supporting/600678_中审亚太关于四川金顶2024年年度报告的信息披露监管问询函的回复1784019190446.pdf,8,needs_ocr,extracted text has fewer than 40 characters
600678_2024_supporting_5af803c2,四川金顶,600678,supporting,02_raw_pdf/600678_四川金顶/supporting/600678_中审亚太关于四川金顶2024年年度报告的信息披露监管问询函的回复1784019190446.pdf,9,needs_ocr,extracted text has fewer than 40 characters
600678_2024_supporting_5af803c2,四川金顶,600678,supporting,02_raw_pdf/600678_四川金顶/supporting/600678_中审亚太关于四川金顶2024年年度报告的信息披露监管问询函的回复1784019190446.pdf,10,needs_ocr,extracted text has fewer than 40 characters
600678_2024_supporting_5af803c2,四川金顶,600678,supporting,02_raw_pdf/600678_四川金顶/supporting/600678_中审亚太关于四川金顶2024年年度报告的信息披露监管问询函的回复1784019190446.pdf,11,needs_ocr,extracted text has fewer than 40 characters
600678_2024_supporting_5af803c2,四川金顶,600678,supporting,02_raw_pdf/600678_四川金顶/supporting/600678_中审亚太关于四川金顶2024年年度报告的信息披露监管问询函的回复1784019190446.pdf,12,needs_ocr,extracted text has fewer than 40 characters
600678_2024_supporting_5af803c2,四川金顶,600678,supporting,02_raw_pdf/600678_四川金顶/supporting/600678_中审亚太关于四川金顶2024年年度报告的信息披露监管问询函的回复1784019190446.pdf,13,needs_ocr,extracted text has fewer than 40 characters
600678_2024_supporting_5af803c2,四川金顶,600678,supporting,02_raw_pdf/600678_四川金顶/supporting/600678_中审亚太关于四川金顶2024年年度报告的信息披露监管问询函的回复1784019190446.pdf,14,needs_ocr,extracted text has fewer than 40 characters
600678_2024_supporting_5af803c2,四川金顶,600678,supporting,02_raw_pdf/600678_四川金顶/supporting/600678_中审亚太关于四川金顶2024年年度报告的信息披露监管问询函的回复1784019190446.pdf,15,needs_ocr,extracted text has fewer than 40 characters
600678_2024_supporting_5af803c2,四川金顶,600678,supporting,02_raw_pdf/600678_四川金顶/supporting/600678_中审亚太关于四川金顶2024年年度报告的信息披露监管问询函的回复1784019190446.pdf,16,needs_ocr,extracted text has fewer than 40 characters
600678_2024_supporting_5af803c2,四川金顶,600678,supporting,02_raw_pdf/600678_四川金顶/supporting/600678_中审亚太关于四川金顶2024年年度报告的信息披露监管问询函的回复1784019190446.pdf,17,needs_ocr,extracted text has fewer than 40 characters
600678_2024_supporting_5af803c2,四川金顶,600678,supporting,02_raw_pdf/600678_四川金顶/supporting/600678_中审亚太关于四川金顶2024年年度报告的信息披露监管问询函的回复1784019190446.pdf,18,needs_ocr,extracted text has fewer than 40 characters
600678_2024_supporting_5af803c2,四川金顶,600678,supporting,02_raw_pdf/600678_四川金顶/supporting/600678_中审亚太关于四川金顶2024年年度报告的信息披露监管问询函的回复1784019190446.pdf,19,needs_ocr,extracted text has fewer than 40 characters
600678_2024_supporting_5af803c2,四川金顶,600678,supporting,02_raw_pdf/600678_四川金顶/supporting/600678_中审亚太关于四川金顶2024年年度报告的信息披露监管问询函的回复1784019190446.pdf,20,needs_ocr,extracted text has fewer than 40 characters
600678_2024_supporting_5af803c2,四川金顶,600678,supporting,02_raw_pdf/600678_四川金顶/supporting/600678_中审亚太关于四川金顶2024年年度报告的信息披露监管问询函的回复1784019190446.pdf,21,needs_ocr,extracted text has fewer than 40 characters
600678_2024_supporting_5af803c2,四川金顶,600678,supporting,02_raw_pdf/600678_四川金顶/supporting/600678_中审亚太关于四川金顶2024年年度报告的信息披露监管问询函的回复1784019190446.pdf,22,needs_ocr,extracted text has fewer than 40 characters
600678_2024_supporting_5af803c2,四川金顶,600678,supporting,02_raw_pdf/600678_四川金顶/supporting/600678_中审亚太关于四川金顶2024年年度报告的信息披露监管问询函的回复1784019190446.pdf,23,needs_ocr,extracted text has fewer than 40 characters
600678_2024_supporting_5af803c2,四川金顶,600678,supporting,02_raw_pdf/600678_四川金顶/supporting/600678_中审亚太关于四川金顶2024年年度报告的信息披露监管问询函的回复1784019190446.pdf,24,needs_ocr,extracted text has fewer than 40 characters
600678_2024_supporting_5af803c2,四川金顶,600678,supporting,02_raw_pdf/600678_四川金顶/supporting/600678_中审亚太关于四川金顶2024年年度报告的信息披露监管问询函的回复1784019190446.pdf,25,needs_ocr,extracted text has fewer than 40 characters
600678_2024_supporting_5af803c2,四川金顶,600678,supporting,02_raw_pdf/600678_四川金顶/supporting/600678_中审亚太关于四川金顶2024年年度报告的信息披露监管问询函的回复1784019190446.pdf,26,needs_ocr,extracted text has fewer than 40 characters
600682_2024_annual_report_062c7ecc,南京新百,600682,annual_report,02_raw_pdf/600682_南京新百/annual_report/600682_南京新百2024年年度报告1784024827668.pdf,279,needs_ocr,extracted text has fewer than 40 characters
600682_2024_supporting_e03732d3,南京新百,600682,supporting,02_raw_pdf/600682_南京新百/supporting/600682_北京中名国成会计师事务所特殊普通合伙关于南京新百2024年年报问询函回复的核查意见1784025278288.pdf,1,needs_ocr,extracted text has fewer than 40 characters
600682_2024_supporting_e03732d3,南京新百,600682,supporting,02_raw_pdf/600682_南京新百/supporting/600682_北京中名国成会计师事务所特殊普通合伙关于南京新百2024年年报问询函回复的核查意见1784025278288.pdf,2,needs_ocr,extracted text has fewer than 40 characters
600682_2024_supporting_e03732d3,南京新百,600682,supporting,02_raw_pdf/600682_南京新百/supporting/600682_北京中名国成会计师事务所特殊普通合伙关于南京新百2024年年报问询函回复的核查意见1784025278288.pdf,3,needs_ocr,extracted text has fewer than 40 characters
600682_2024_supporting_e03732d3,南京新百,600682,supporting,02_raw_pdf/600682_南京新百/supporting/600682_北京中名国成会计师事务所特殊普通合伙关于南京新百2024年年报问询函回复的核查意见1784025278288.pdf,4,needs_ocr,extracted text has fewer than 40 characters
600682_2024_supporting_e03732d3,南京新百,600682,supporting,02_raw_pdf/600682_南京新百/supporting/600682_北京中名国成会计师事务所特殊普通合伙关于南京新百2024年年报问询函回复的核查意见1784025278288.pdf,5,needs_ocr,extracted text has fewer than 40 characters
600682_2024_supporting_e03732d3,南京新百,600682,supporting,02_raw_pdf/600682_南京新百/supporting/600682_北京中名国成会计师事务所特殊普通合伙关于南京新百2024年年报问询函回复的核查意见1784025278288.pdf,6,needs_ocr,extracted text has fewer than 40 characters
600682_2024_supporting_e03732d3,南京新百,600682,supporting,02_raw_pdf/600682_南京新百/supporting/600682_北京中名国成会计师事务所特殊普通合伙关于南京新百2024年年报问询函回复的核查意见1784025278288.pdf,7,needs_ocr,extracted text has fewer than 40 characters
600682_2024_supporting_e03732d3,南京新百,600682,supporting,02_raw_pdf/600682_南京新百/supporting/600682_北京中名国成会计师事务所特殊普通合伙关于南京新百2024年年报问询函回复的核查意见1784025278288.pdf,8,needs_ocr,extracted text has fewer than 40 characters
600682_2024_supporting_e03732d3,南京新百,600682,supporting,02_raw_pdf/600682_南京新百/supporting/600682_北京中名国成会计师事务所特殊普通合伙关于南京新百2024年年报问询函回复的核查意见1784025278288.pdf,9,needs_ocr,extracted text has fewer than 40 characters
600682_2024_supporting_e03732d3,南京新百,600682,supporting,02_raw_pdf/600682_南京新百/supporting/600682_北京中名国成会计师事务所特殊普通合伙关于南京新百2024年年报问询函回复的核查意见1784025278288.pdf,10,needs_ocr,extracted text has fewer than 40 characters
600682_2024_supporting_e03732d3,南京新百,600682,supporting,02_raw_pdf/600682_南京新百/supporting/600682_北京中名国成会计师事务所特殊普通合伙关于南京新百2024年年报问询函回复的核查意见1784025278288.pdf,11,needs_ocr,extracted text has fewer than 40 characters
600682_2024_supporting_e03732d3,南京新百,600682,supporting,02_raw_pdf/600682_南京新百/supporting/600682_北京中名国成会计师事务所特殊普通合伙关于南京新百2024年年报问询函回复的核查意见1784025278288.pdf,12,needs_ocr,extracted text has fewer than 40 characters
600682_2024_supporting_e03732d3,南京新百,600682,supporting,02_raw_pdf/600682_南京新百/supporting/600682_北京中名国成会计师事务所特殊普通合伙关于南京新百2024年年报问询函回复的核查意见1784025278288.pdf,13,needs_ocr,extracted text has fewer than 40 characters
600682_2024_supporting_e03732d3,南京新百,600682,supporting,02_raw_pdf/600682_南京新百/supporting/600682_北京中名国成会计师事务所特殊普通合伙关于南京新百2024年年报问询函回复的核查意见1784025278288.pdf,14,needs_ocr,extracted text has fewer than 40 characters
600682_2024_supporting_e03732d3,南京新百,600682,supporting,02_raw_pdf/600682_南京新百/supporting/600682_北京中名国成会计师事务所特殊普通合伙关于南京新百2024年年报问询函回复的核查意见1784025278288.pdf,15,needs_ocr,extracted text has fewer than 40 characters
600682_2024_supporting_e03732d3,南京新百,600682,supporting,02_raw_pdf/600682_南京新百/supporting/600682_北京中名国成会计师事务所特殊普通合伙关于南京新百2024年年报问询函回复的核查意见1784025278288.pdf,16,needs_ocr,extracted text has fewer than 40 characters
600682_2024_supporting_e03732d3,南京新百,600682,supporting,02_raw_pdf/600682_南京新百/supporting/600682_北京中名国成会计师事务所特殊普通合伙关于南京新百2024年年报问询函回复的核查意见1784025278288.pdf,17,needs_ocr,extracted text has fewer than 40 characters
600682_2024_supporting_e03732d3,南京新百,600682,supporting,02_raw_pdf/600682_南京新百/supporting/600682_北京中名国成会计师事务所特殊普通合伙关于南京新百2024年年报问询函回复的核查意见1784025278288.pdf,18,needs_ocr,extracted text has fewer than 40 characters
600682_2024_supporting_e03732d3,南京新百,600682,supporting,02_raw_pdf/600682_南京新百/supporting/600682_北京中名国成会计师事务所特殊普通合伙关于南京新百2024年年报问询函回复的核查意见1784025278288.pdf,19,needs_ocr,extracted text has fewer than 40 characters
600682_2024_supporting_e03732d3,南京新百,600682,supporting,02_raw_pdf/600682_南京新百/supporting/600682_北京中名国成会计师事务所特殊普通合伙关于南京新百2024年年报问询函回复的核查意见1784025278288.pdf,20,needs_ocr,extracted text has fewer than 40 characters
600682_2024_supporting_e03732d3,南京新百,600682,supporting,02_raw_pdf/600682_南京新百/supporting/600682_北京中名国成会计师事务所特殊普通合伙关于南京新百2024年年报问询函回复的核查意见1784025278288.pdf,21,needs_ocr,extracted text has fewer than 40 characters
600682_2024_supporting_e03732d3,南京新百,600682,supporting,02_raw_pdf/600682_南京新百/supporting/600682_北京中名国成会计师事务所特殊普通合伙关于南京新百2024年年报问询函回复的核查意见1784025278288.pdf,22,needs_ocr,extracted text has fewer than 40 characters
600682_2024_supporting_e03732d3,南京新百,600682,supporting,02_raw_pdf/600682_南京新百/supporting/600682_北京中名国成会计师事务所特殊普通合伙关于南京新百2024年年报问询函回复的核查意见1784025278288.pdf,23,needs_ocr,extracted text has fewer than 40 characters
600682_2024_supporting_e03732d3,南京新百,600682,supporting,02_raw_pdf/600682_南京新百/supporting/600682_北京中名国成会计师事务所特殊普通合伙关于南京新百2024年年报问询函回复的核查意见1784025278288.pdf,24,needs_ocr,extracted text has fewer than 40 characters
600682_2024_supporting_e03732d3,南京新百,600682,supporting,02_raw_pdf/600682_南京新百/supporting/600682_北京中名国成会计师事务所特殊普通合伙关于南京新百2024年年报问询函回复的核查意见1784025278288.pdf,25,needs_ocr,extracted text has fewer than 40 characters
600682_2024_supporting_e03732d3,南京新百,600682,supporting,02_raw_pdf/600682_南京新百/supporting/600682_北京中名国成会计师事务所特殊普通合伙关于南京新百2024年年报问询函回复的核查意见1784025278288.pdf,26,needs_ocr,extracted text has fewer than 40 characters
600682_2024_supporting_e03732d3,南京新百,600682,supporting,02_raw_pdf/600682_南京新百/supporting/600682_北京中名国成会计师事务所特殊普通合伙关于南京新百2024年年报问询函回复的核查意见1784025278288.pdf,27,needs_ocr,extracted text has fewer than 40 characters
600682_2024_supporting_e03732d3,南京新百,600682,supporting,02_raw_pdf/600682_南京新百/supporting/600682_北京中名国成会计师事务所特殊普通合伙关于南京新百2024年年报问询函回复的核查意见1784025278288.pdf,28,needs_ocr,extracted text has fewer than 40 characters
600682_2024_supporting_e03732d3,南京新百,600682,supporting,02_raw_pdf/600682_南京新百/supporting/600682_北京中名国成会计师事务所特殊普通合伙关于南京新百2024年年报问询函回复的核查意见1784025278288.pdf,29,needs_ocr,extracted text has fewer than 40 characters
600682_2024_supporting_e03732d3,南京新百,600682,supporting,02_raw_pdf/600682_南京新百/supporting/600682_北京中名国成会计师事务所特殊普通合伙关于南京新百2024年年报问询函回复的核查意见1784025278288.pdf,30,needs_ocr,extracted text has fewer than 40 characters
600682_2024_supporting_e03732d3,南京新百,600682,supporting,02_raw_pdf/600682_南京新百/supporting/600682_北京中名国成会计师事务所特殊普通合伙关于南京新百2024年年报问询函回复的核查意见1784025278288.pdf,31,needs_ocr,extracted text has fewer than 40 characters
600682_2024_supporting_e03732d3,南京新百,600682,supporting,02_raw_pdf/600682_南京新百/supporting/600682_北京中名国成会计师事务所特殊普通合伙关于南京新百2024年年报问询函回复的核查意见1784025278288.pdf,32,needs_ocr,extracted text has fewer than 40 characters
600682_2024_supporting_e03732d3,南京新百,600682,supporting,02_raw_pdf/600682_南京新百/supporting/600682_北京中名国成会计师事务所特殊普通合伙关于南京新百2024年年报问询函回复的核查意见1784025278288.pdf,33,needs_ocr,extracted text has fewer than 40 characters
600682_2024_supporting_e03732d3,南京新百,600682,supporting,02_raw_pdf/600682_南京新百/supporting/600682_北京中名国成会计师事务所特殊普通合伙关于南京新百2024年年报问询函回复的核查意见1784025278288.pdf,34,needs_ocr,extracted text has fewer than 40 characters
600682_2024_supporting_e03732d3,南京新百,600682,supporting,02_raw_pdf/600682_南京新百/supporting/600682_北京中名国成会计师事务所特殊普通合伙关于南京新百2024年年报问询函回复的核查意见1784025278288.pdf,35,needs_ocr,extracted text has fewer than 40 characters
600682_2024_supporting_e03732d3,南京新百,600682,supporting,02_raw_pdf/600682_南京新百/supporting/600682_北京中名国成会计师事务所特殊普通合伙关于南京新百2024年年报问询函回复的核查意见1784025278288.pdf,36,needs_ocr,extracted text has fewer than 40 characters
600682_2024_supporting_e03732d3,南京新百,600682,supporting,02_raw_pdf/600682_南京新百/supporting/600682_北京中名国成会计师事务所特殊普通合伙关于南京新百2024年年报问询函回复的核查意见1784025278288.pdf,37,needs_ocr,extracted text has fewer than 40 characters
600682_2024_supporting_e03732d3,南京新百,600682,supporting,02_raw_pdf/600682_南京新百/supporting/600682_北京中名国成会计师事务所特殊普通合伙关于南京新百2024年年报问询函回复的核查意见1784025278288.pdf,38,needs_ocr,extracted text has fewer than 40 characters
600682_2024_supporting_e03732d3,南京新百,600682,supporting,02_raw_pdf/600682_南京新百/supporting/600682_北京中名国成会计师事务所特殊普通合伙关于南京新百2024年年报问询函回复的核查意见1784025278288.pdf,39,needs_ocr,extracted text has fewer than 40 characters
600682_2024_supporting_e03732d3,南京新百,600682,supporting,02_raw_pdf/600682_南京新百/supporting/600682_北京中名国成会计师事务所特殊普通合伙关于南京新百2024年年报问询函回复的核查意见1784025278288.pdf,40,needs_ocr,extracted text has fewer than 40 characters
600682_2024_supporting_e03732d3,南京新百,600682,supporting,02_raw_pdf/600682_南京新百/supporting/600682_北京中名国成会计师事务所特殊普通合伙关于南京新百2024年年报问询函回复的核查意见1784025278288.pdf,41,needs_ocr,extracted text has fewer than 40 characters
600682_2024_supporting_e03732d3,南京新百,600682,supporting,02_raw_pdf/600682_南京新百/supporting/600682_北京中名国成会计师事务所特殊普通合伙关于南京新百2024年年报问询函回复的核查意见1784025278288.pdf,42,needs_ocr,extracted text has fewer than 40 characters
600682_2024_supporting_e03732d3,南京新百,600682,supporting,02_raw_pdf/600682_南京新百/supporting/600682_北京中名国成会计师事务所特殊普通合伙关于南京新百2024年年报问询函回复的核查意见1784025278288.pdf,43,needs_ocr,extracted text has fewer than 40 characters
600682_2024_supporting_e03732d3,南京新百,600682,supporting,02_raw_pdf/600682_南京新百/supporting/600682_北京中名国成会计师事务所特殊普通合伙关于南京新百2024年年报问询函回复的核查意见1784025278288.pdf,44,needs_ocr,extracted text has fewer than 40 characters
600682_2024_supporting_e03732d3,南京新百,600682,supporting,02_raw_pdf/600682_南京新百/supporting/600682_北京中名国成会计师事务所特殊普通合伙关于南京新百2024年年报问询函回复的核查意见1784025278288.pdf,45,needs_ocr,extracted text has fewer than 40 characters
600682_2024_supporting_e03732d3,南京新百,600682,supporting,02_raw_pdf/600682_南京新百/supporting/600682_北京中名国成会计师事务所特殊普通合伙关于南京新百2024年年报问询函回复的核查意见1784025278288.pdf,46,needs_ocr,extracted text has fewer than 40 characters
600682_2024_supporting_e03732d3,南京新百,600682,supporting,02_raw_pdf/600682_南京新百/supporting/600682_北京中名国成会计师事务所特殊普通合伙关于南京新百2024年年报问询函回复的核查意见1784025278288.pdf,47,needs_ocr,extracted text has fewer than 40 characters
600682_2024_supporting_e03732d3,南京新百,600682,supporting,02_raw_pdf/600682_南京新百/supporting/600682_北京中名国成会计师事务所特殊普通合伙关于南京新百2024年年报问询函回复的核查意见1784025278288.pdf,48,needs_ocr,extracted text has fewer than 40 characters
600682_2024_supporting_e03732d3,南京新百,600682,supporting,02_raw_pdf/600682_南京新百/supporting/600682_北京中名国成会计师事务所特殊普通合伙关于南京新百2024年年报问询函回复的核查意见1784025278288.pdf,49,needs_ocr,extracted text has fewer than 40 characters
600682_2024_supporting_e03732d3,南京新百,600682,supporting,02_raw_pdf/600682_南京新百/supporting/600682_北京中名国成会计师事务所特殊普通合伙关于南京新百2024年年报问询函回复的核查意见1784025278288.pdf,50,needs_ocr,extracted text has fewer than 40 characters
600682_2024_supporting_e03732d3,南京新百,600682,supporting,02_raw_pdf/600682_南京新百/supporting/600682_北京中名国成会计师事务所特殊普通合伙关于南京新百2024年年报问询函回复的核查意见1784025278288.pdf,51,needs_ocr,extracted text has fewer than 40 characters
603466_2025_supporting_069984f9,风语筑,603466,supporting,02_raw_pdf/603466_风语筑/supporting/603466_天职业字202533298号关于上海风语筑文化科技股份有限公司2024年年度报告的信息披露监管问询函的回复1784018347474.pdf,1,needs_ocr,extracted text has fewer than 40 characters
603466_2025_supporting_069984f9,风语筑,603466,supporting,02_raw_pdf/603466_风语筑/supporting/603466_天职业字202533298号关于上海风语筑文化科技股份有限公司2024年年度报告的信息披露监管问询函的回复1784018347474.pdf,2,needs_ocr,extracted text has fewer than 40 characters
603466_2025_supporting_069984f9,风语筑,603466,supporting,02_raw_pdf/603466_风语筑/supporting/603466_天职业字202533298号关于上海风语筑文化科技股份有限公司2024年年度报告的信息披露监管问询函的回复1784018347474.pdf,3,needs_ocr,extracted text has fewer than 40 characters
603466_2025_supporting_069984f9,风语筑,603466,supporting,02_raw_pdf/603466_风语筑/supporting/603466_天职业字202533298号关于上海风语筑文化科技股份有限公司2024年年度报告的信息披露监管问询函的回复1784018347474.pdf,4,needs_ocr,extracted text has fewer than 40 characters
603466_2025_supporting_069984f9,风语筑,603466,supporting,02_raw_pdf/603466_风语筑/supporting/603466_天职业字202533298号关于上海风语筑文化科技股份有限公司2024年年度报告的信息披露监管问询函的回复1784018347474.pdf,5,needs_ocr,extracted text has fewer than 40 characters
603466_2025_supporting_069984f9,风语筑,603466,supporting,02_raw_pdf/603466_风语筑/supporting/603466_天职业字202533298号关于上海风语筑文化科技股份有限公司2024年年度报告的信息披露监管问询函的回复1784018347474.pdf,6,needs_ocr,extracted text has fewer than 40 characters
603466_2025_supporting_069984f9,风语筑,603466,supporting,02_raw_pdf/603466_风语筑/supporting/603466_天职业字202533298号关于上海风语筑文化科技股份有限公司2024年年度报告的信息披露监管问询函的回复1784018347474.pdf,7,needs_ocr,extracted text has fewer than 40 characters
603466_2025_supporting_069984f9,风语筑,603466,supporting,02_raw_pdf/603466_风语筑/supporting/603466_天职业字202533298号关于上海风语筑文化科技股份有限公司2024年年度报告的信息披露监管问询函的回复1784018347474.pdf,8,needs_ocr,extracted text has fewer than 40 characters
603466_2025_supporting_069984f9,风语筑,603466,supporting,02_raw_pdf/603466_风语筑/supporting/603466_天职业字202533298号关于上海风语筑文化科技股份有限公司2024年年度报告的信息披露监管问询函的回复1784018347474.pdf,9,needs_ocr,extracted text has fewer than 40 characters
603466_2025_supporting_069984f9,风语筑,603466,supporting,02_raw_pdf/603466_风语筑/supporting/603466_天职业字202533298号关于上海风语筑文化科技股份有限公司2024年年度报告的信息披露监管问询函的回复1784018347474.pdf,10,needs_ocr,extracted text has fewer than 40 characters
603466_2025_supporting_069984f9,风语筑,603466,supporting,02_raw_pdf/603466_风语筑/supporting/603466_天职业字202533298号关于上海风语筑文化科技股份有限公司2024年年度报告的信息披露监管问询函的回复1784018347474.pdf,11,needs_ocr,extracted text has fewer than 40 characters
603466_2025_supporting_069984f9,风语筑,603466,supporting,02_raw_pdf/603466_风语筑/supporting/603466_天职业字202533298号关于上海风语筑文化科技股份有限公司2024年年度报告的信息披露监管问询函的回复1784018347474.pdf,12,needs_ocr,extracted text has fewer than 40 characters
603466_2025_supporting_069984f9,风语筑,603466,supporting,02_raw_pdf/603466_风语筑/supporting/603466_天职业字202533298号关于上海风语筑文化科技股份有限公司2024年年度报告的信息披露监管问询函的回复1784018347474.pdf,13,needs_ocr,extracted text has fewer than 40 characters
603466_2025_supporting_069984f9,风语筑,603466,supporting,02_raw_pdf/603466_风语筑/supporting/603466_天职业字202533298号关于上海风语筑文化科技股份有限公司2024年年度报告的信息披露监管问询函的回复1784018347474.pdf,14,needs_ocr,extracted text has fewer than 40 characters
603466_2025_supporting_069984f9,风语筑,603466,supporting,02_raw_pdf/603466_风语筑/supporting/603466_天职业字202533298号关于上海风语筑文化科技股份有限公司2024年年度报告的信息披露监管问询函的回复1784018347474.pdf,15,needs_ocr,extracted text has fewer than 40 characters
603466_2025_supporting_069984f9,风语筑,603466,supporting,02_raw_pdf/603466_风语筑/supporting/603466_天职业字202533298号关于上海风语筑文化科技股份有限公司2024年年度报告的信息披露监管问询函的回复1784018347474.pdf,16,needs_ocr,extracted text has fewer than 40 characters
603466_2025_supporting_069984f9,风语筑,603466,supporting,02_raw_pdf/603466_风语筑/supporting/603466_天职业字202533298号关于上海风语筑文化科技股份有限公司2024年年度报告的信息披露监管问询函的回复1784018347474.pdf,17,needs_ocr,extracted text has fewer than 40 characters
603466_2025_supporting_069984f9,风语筑,603466,supporting,02_raw_pdf/603466_风语筑/supporting/603466_天职业字202533298号关于上海风语筑文化科技股份有限公司2024年年度报告的信息披露监管问询函的回复1784018347474.pdf,18,needs_ocr,extracted text has fewer than 40 characters
603466_2025_supporting_069984f9,风语筑,603466,supporting,02_raw_pdf/603466_风语筑/supporting/603466_天职业字202533298号关于上海风语筑文化科技股份有限公司2024年年度报告的信息披露监管问询函的回复1784018347474.pdf,19,needs_ocr,extracted text has fewer than 40 characters
603466_2025_supporting_069984f9,风语筑,603466,supporting,02_raw_pdf/603466_风语筑/supporting/603466_天职业字202533298号关于上海风语筑文化科技股份有限公司2024年年度报告的信息披露监管问询函的回复1784018347474.pdf,20,needs_ocr,extracted text has fewer than 40 characters
603466_2025_supporting_069984f9,风语筑,603466,supporting,02_raw_pdf/603466_风语筑/supporting/603466_天职业字202533298号关于上海风语筑文化科技股份有限公司2024年年度报告的信息披露监管问询函的回复1784018347474.pdf,21,needs_ocr,extracted text has fewer than 40 characters
603466_2025_supporting_069984f9,风语筑,603466,supporting,02_raw_pdf/603466_风语筑/supporting/603466_天职业字202533298号关于上海风语筑文化科技股份有限公司2024年年度报告的信息披露监管问询函的回复1784018347474.pdf,22,needs_ocr,extracted text has fewer than 40 characters
603466_2025_supporting_069984f9,风语筑,603466,supporting,02_raw_pdf/603466_风语筑/supporting/603466_天职业字202533298号关于上海风语筑文化科技股份有限公司2024年年度报告的信息披露监管问询函的回复1784018347474.pdf,23,needs_ocr,extracted text has fewer than 40 characters
603466_2025_supporting_069984f9,风语筑,603466,supporting,02_raw_pdf/603466_风语筑/supporting/603466_天职业字202533298号关于上海风语筑文化科技股份有限公司2024年年度报告的信息披露监管问询函的回复1784018347474.pdf,24,needs_ocr,extracted text has fewer than 40 characters
603466_2025_supporting_069984f9,风语筑,603466,supporting,02_raw_pdf/603466_风语筑/supporting/603466_天职业字202533298号关于上海风语筑文化科技股份有限公司2024年年度报告的信息披露监管问询函的回复1784018347474.pdf,25,needs_ocr,extracted text has fewer than 40 characters
603466_2025_supporting_069984f9,风语筑,603466,supporting,02_raw_pdf/603466_风语筑/supporting/603466_天职业字202533298号关于上海风语筑文化科技股份有限公司2024年年度报告的信息披露监管问询函的回复1784018347474.pdf,26,needs_ocr,extracted text has fewer than 40 characters
603466_2025_supporting_069984f9,风语筑,603466,supporting,02_raw_pdf/603466_风语筑/supporting/603466_天职业字202533298号关于上海风语筑文化科技股份有限公司2024年年度报告的信息披露监管问询函的回复1784018347474.pdf,27,needs_ocr,extracted text has fewer than 40 characters
603466_2025_supporting_069984f9,风语筑,603466,supporting,02_raw_pdf/603466_风语筑/supporting/603466_天职业字202533298号关于上海风语筑文化科技股份有限公司2024年年度报告的信息披露监管问询函的回复1784018347474.pdf,28,needs_ocr,extracted text has fewer than 40 characters
603466_2025_supporting_069984f9,风语筑,603466,supporting,02_raw_pdf/603466_风语筑/supporting/603466_天职业字202533298号关于上海风语筑文化科技股份有限公司2024年年度报告的信息披露监管问询函的回复1784018347474.pdf,29,needs_ocr,extracted text has fewer than 40 characters
603466_2025_supporting_069984f9,风语筑,603466,supporting,02_raw_pdf/603466_风语筑/supporting/603466_天职业字202533298号关于上海风语筑文化科技股份有限公司2024年年度报告的信息披露监管问询函的回复1784018347474.pdf,30,needs_ocr,extracted text has fewer than 40 characters
603466_2025_supporting_069984f9,风语筑,603466,supporting,02_raw_pdf/603466_风语筑/supporting/603466_天职业字202533298号关于上海风语筑文化科技股份有限公司2024年年度报告的信息披露监管问询函的回复1784018347474.pdf,31,needs_ocr,extracted text has fewer than 40 characters
603466_2025_supporting_069984f9,风语筑,603466,supporting,02_raw_pdf/603466_风语筑/supporting/603466_天职业字202533298号关于上海风语筑文化科技股份有限公司2024年年度报告的信息披露监管问询函的回复1784018347474.pdf,32,needs_ocr,extracted text has fewer than 40 characters
603466_2025_supporting_069984f9,风语筑,603466,supporting,02_raw_pdf/603466_风语筑/supporting/603466_天职业字202533298号关于上海风语筑文化科技股份有限公司2024年年度报告的信息披露监管问询函的回复1784018347474.pdf,33,needs_ocr,extracted text has fewer than 40 characters
603466_2025_supporting_069984f9,风语筑,603466,supporting,02_raw_pdf/603466_风语筑/supporting/603466_天职业字202533298号关于上海风语筑文化科技股份有限公司2024年年度报告的信息披露监管问询函的回复1784018347474.pdf,34,needs_ocr,extracted text has fewer than 40 characters
603466_2025_supporting_069984f9,风语筑,603466,supporting,02_raw_pdf/603466_风语筑/supporting/603466_天职业字202533298号关于上海风语筑文化科技股份有限公司2024年年度报告的信息披露监管问询函的回复1784018347474.pdf,35,needs_ocr,extracted text has fewer than 40 characters
603629_2024_supporting_auditor_reply_04735515,利通电子,603629,supporting,02_raw_pdf/603629_利通电子/supporting/auditor_reply/603629_603629天健会计师事务所关于利通电子2024年年报问询函之专项说明1784025606312.pdf,1,needs_ocr,extracted text has fewer than 40 characters
603922_2024_supporting_7337e2b4,金鸿顺,603922,supporting,02_raw_pdf/603922_金鸿顺/supporting/603922_华兴会计师事务所特殊普通合伙关于苏州金鸿顺汽车部件股份有限公司2024年年度报告的信息披露监管问询函的回复1784019392788.pdf,34,needs_ocr,extracted text has fewer than 40 characters
603922_2024_supporting_7337e2b4,金鸿顺,603922,supporting,02_raw_pdf/603922_金鸿顺/supporting/603922_华兴会计师事务所特殊普通合伙关于苏州金鸿顺汽车部件股份有限公司2024年年度报告的信息披露监管问询函的回复1784019392788.pdf,35,needs_ocr,extracted text has fewer than 40 characters
603922_2024_supporting_7337e2b4,金鸿顺,603922,supporting,02_raw_pdf/603922_金鸿顺/supporting/603922_华兴会计师事务所特殊普通合伙关于苏州金鸿顺汽车部件股份有限公司2024年年度报告的信息披露监管问询函的回复1784019392788.pdf,36,needs_ocr,extracted text has fewer than 40 characters
688363_2024_supporting_auditor_reply_bf52df92,华熙生物,688363,supporting,02_raw_pdf/688363_华熙生物/supporting/auditor_reply/688363_致同会计师事务所特殊普通合伙关于华熙生物科技股份有限公司2024年年度报告的信息披露监管问询函中有关财务会计问题的专项说明1784027105811.pdf,1,needs_ocr,extracted text has fewer than 40 characters
688363_2024_supporting_auditor_reply_bf52df92,华熙生物,688363,supporting,02_raw_pdf/688363_华熙生物/supporting/auditor_reply/688363_致同会计师事务所特殊普通合伙关于华熙生物科技股份有限公司2024年年度报告的信息披露监管问询函中有关财务会计问题的专项说明1784027105811.pdf,2,needs_ocr,extracted text has fewer than 40 characters
688363_2024_supporting_auditor_reply_bf52df92,华熙生物,688363,supporting,02_raw_pdf/688363_华熙生物/supporting/auditor_reply/688363_致同会计师事务所特殊普通合伙关于华熙生物科技股份有限公司2024年年度报告的信息披露监管问询函中有关财务会计问题的专项说明1784027105811.pdf,3,needs_ocr,extracted text has fewer than 40 characters
688363_2024_supporting_auditor_reply_bf52df92,华熙生物,688363,supporting,02_raw_pdf/688363_华熙生物/supporting/auditor_reply/688363_致同会计师事务所特殊普通合伙关于华熙生物科技股份有限公司2024年年度报告的信息披露监管问询函中有关财务会计问题的专项说明1784027105811.pdf,4,needs_ocr,extracted text has fewer than 40 characters
688363_2024_supporting_auditor_reply_bf52df92,华熙生物,688363,supporting,02_raw_pdf/688363_华熙生物/supporting/auditor_reply/688363_致同会计师事务所特殊普通合伙关于华熙生物科技股份有限公司2024年年度报告的信息披露监管问询函中有关财务会计问题的专项说明1784027105811.pdf,5,needs_ocr,extracted text has fewer than 40 characters
688363_2024_supporting_auditor_reply_bf52df92,华熙生物,688363,supporting,02_raw_pdf/688363_华熙生物/supporting/auditor_reply/688363_致同会计师事务所特殊普通合伙关于华熙生物科技股份有限公司2024年年度报告的信息披露监管问询函中有关财务会计问题的专项说明1784027105811.pdf,6,needs_ocr,extracted text has fewer than 40 characters
688363_2024_supporting_auditor_reply_bf52df92,华熙生物,688363,supporting,02_raw_pdf/688363_华熙生物/supporting/auditor_reply/688363_致同会计师事务所特殊普通合伙关于华熙生物科技股份有限公司2024年年度报告的信息披露监管问询函中有关财务会计问题的专项说明1784027105811.pdf,7,needs_ocr,extracted text has fewer than 40 characters
688363_2024_supporting_auditor_reply_bf52df92,华熙生物,688363,supporting,02_raw_pdf/688363_华熙生物/supporting/auditor_reply/688363_致同会计师事务所特殊普通合伙关于华熙生物科技股份有限公司2024年年度报告的信息披露监管问询函中有关财务会计问题的专项说明1784027105811.pdf,8,needs_ocr,extracted text has fewer than 40 characters
688363_2024_supporting_auditor_reply_bf52df92,华熙生物,688363,supporting,02_raw_pdf/688363_华熙生物/supporting/auditor_reply/688363_致同会计师事务所特殊普通合伙关于华熙生物科技股份有限公司2024年年度报告的信息披露监管问询函中有关财务会计问题的专项说明1784027105811.pdf,9,needs_ocr,extracted text has fewer than 40 characters
688363_2024_supporting_auditor_reply_bf52df92,华熙生物,688363,supporting,02_raw_pdf/688363_华熙生物/supporting/auditor_reply/688363_致同会计师事务所特殊普通合伙关于华熙生物科技股份有限公司2024年年度报告的信息披露监管问询函中有关财务会计问题的专项说明1784027105811.pdf,10,needs_ocr,extracted text has fewer than 40 characters
688363_2024_supporting_auditor_reply_bf52df92,华熙生物,688363,supporting,02_raw_pdf/688363_华熙生物/supporting/auditor_reply/688363_致同会计师事务所特殊普通合伙关于华熙生物科技股份有限公司2024年年度报告的信息披露监管问询函中有关财务会计问题的专项说明1784027105811.pdf,11,needs_ocr,extracted text has fewer than 40 characters
688363_2024_supporting_auditor_reply_bf52df92,华熙生物,688363,supporting,02_raw_pdf/688363_华熙生物/supporting/auditor_reply/688363_致同会计师事务所特殊普通合伙关于华熙生物科技股份有限公司2024年年度报告的信息披露监管问询函中有关财务会计问题的专项说明1784027105811.pdf,12,needs_ocr,extracted text has fewer than 40 characters
688363_2024_supporting_auditor_reply_bf52df92,华熙生物,688363,supporting,02_raw_pdf/688363_华熙生物/supporting/auditor_reply/688363_致同会计师事务所特殊普通合伙关于华熙生物科技股份有限公司2024年年度报告的信息披露监管问询函中有关财务会计问题的专项说明1784027105811.pdf,13,needs_ocr,extracted text has fewer than 40 characters
688363_2024_supporting_auditor_reply_bf52df92,华熙生物,688363,supporting,02_raw_pdf/688363_华熙生物/supporting/auditor_reply/688363_致同会计师事务所特殊普通合伙关于华熙生物科技股份有限公司2024年年度报告的信息披露监管问询函中有关财务会计问题的专项说明1784027105811.pdf,14,needs_ocr,extracted text has fewer than 40 characters
688363_2024_supporting_auditor_reply_bf52df92,华熙生物,688363,supporting,02_raw_pdf/688363_华熙生物/supporting/auditor_reply/688363_致同会计师事务所特殊普通合伙关于华熙生物科技股份有限公司2024年年度报告的信息披露监管问询函中有关财务会计问题的专项说明1784027105811.pdf,15,needs_ocr,extracted text has fewer than 40 characters
688363_2024_supporting_auditor_reply_bf52df92,华熙生物,688363,supporting,02_raw_pdf/688363_华熙生物/supporting/auditor_reply/688363_致同会计师事务所特殊普通合伙关于华熙生物科技股份有限公司2024年年度报告的信息披露监管问询函中有关财务会计问题的专项说明1784027105811.pdf,16,needs_ocr,extracted text has fewer than 40 characters
688363_2024_supporting_auditor_reply_bf52df92,华熙生物,688363,supporting,02_raw_pdf/688363_华熙生物/supporting/auditor_reply/688363_致同会计师事务所特殊普通合伙关于华熙生物科技股份有限公司2024年年度报告的信息披露监管问询函中有关财务会计问题的专项说明1784027105811.pdf,17,needs_ocr,extracted text has fewer than 40 characters
688363_2024_supporting_auditor_reply_bf52df92,华熙生物,688363,supporting,02_raw_pdf/688363_华熙生物/supporting/auditor_reply/688363_致同会计师事务所特殊普通合伙关于华熙生物科技股份有限公司2024年年度报告的信息披露监管问询函中有关财务会计问题的专项说明1784027105811.pdf,18,needs_ocr,extracted text has fewer than 40 characters
688363_2024_supporting_auditor_reply_bf52df92,华熙生物,688363,supporting,02_raw_pdf/688363_华熙生物/supporting/auditor_reply/688363_致同会计师事务所特殊普通合伙关于华熙生物科技股份有限公司2024年年度报告的信息披露监管问询函中有关财务会计问题的专项说明1784027105811.pdf,19,needs_ocr,extracted text has fewer than 40 characters
688363_2024_supporting_auditor_reply_bf52df92,华熙生物,688363,supporting,02_raw_pdf/688363_华熙生物/supporting/auditor_reply/688363_致同会计师事务所特殊普通合伙关于华熙生物科技股份有限公司2024年年度报告的信息披露监管问询函中有关财务会计问题的专项说明1784027105811.pdf,20,needs_ocr,extracted text has fewer than 40 characters
688363_2024_supporting_auditor_reply_bf52df92,华熙生物,688363,supporting,02_raw_pdf/688363_华熙生物/supporting/auditor_reply/688363_致同会计师事务所特殊普通合伙关于华熙生物科技股份有限公司2024年年度报告的信息披露监管问询函中有关财务会计问题的专项说明1784027105811.pdf,21,needs_ocr,extracted text has fewer than 40 characters
688363_2024_supporting_auditor_reply_bf52df92,华熙生物,688363,supporting,02_raw_pdf/688363_华熙生物/supporting/auditor_reply/688363_致同会计师事务所特殊普通合伙关于华熙生物科技股份有限公司2024年年度报告的信息披露监管问询函中有关财务会计问题的专项说明1784027105811.pdf,22,needs_ocr,extracted text has fewer than 40 characters
688363_2024_supporting_auditor_reply_bf52df92,华熙生物,688363,supporting,02_raw_pdf/688363_华熙生物/supporting/auditor_reply/688363_致同会计师事务所特殊普通合伙关于华熙生物科技股份有限公司2024年年度报告的信息披露监管问询函中有关财务会计问题的专项说明1784027105811.pdf,23,needs_ocr,extracted text has fewer than 40 characters
688363_2024_supporting_auditor_reply_bf52df92,华熙生物,688363,supporting,02_raw_pdf/688363_华熙生物/supporting/auditor_reply/688363_致同会计师事务所特殊普通合伙关于华熙生物科技股份有限公司2024年年度报告的信息披露监管问询函中有关财务会计问题的专项说明1784027105811.pdf,24,needs_ocr,extracted text has fewer than 40 characters
688363_2024_supporting_auditor_reply_bf52df92,华熙生物,688363,supporting,02_raw_pdf/688363_华熙生物/supporting/auditor_reply/688363_致同会计师事务所特殊普通合伙关于华熙生物科技股份有限公司2024年年度报告的信息披露监管问询函中有关财务会计问题的专项说明1784027105811.pdf,25,needs_ocr,extracted text has fewer than 40 characters
688363_2024_supporting_auditor_reply_bf52df92,华熙生物,688363,supporting,02_raw_pdf/688363_华熙生物/supporting/auditor_reply/688363_致同会计师事务所特殊普通合伙关于华熙生物科技股份有限公司2024年年度报告的信息披露监管问询函中有关财务会计问题的专项说明1784027105811.pdf,26,needs_ocr,extracted text has fewer than 40 characters
688363_2024_supporting_auditor_reply_bf52df92,华熙生物,688363,supporting,02_raw_pdf/688363_华熙生物/supporting/auditor_reply/688363_致同会计师事务所特殊普通合伙关于华熙生物科技股份有限公司2024年年度报告的信息披露监管问询函中有关财务会计问题的专项说明1784027105811.pdf,27,needs_ocr,extracted text has fewer than 40 characters
688363_2024_supporting_auditor_reply_bf52df92,华熙生物,688363,supporting,02_raw_pdf/688363_华熙生物/supporting/auditor_reply/688363_致同会计师事务所特殊普通合伙关于华熙生物科技股份有限公司2024年年度报告的信息披露监管问询函中有关财务会计问题的专项说明1784027105811.pdf,28,needs_ocr,extracted text has fewer than 40 characters
688363_2024_supporting_auditor_reply_bf52df92,华熙生物,688363,supporting,02_raw_pdf/688363_华熙生物/supporting/auditor_reply/688363_致同会计师事务所特殊普通合伙关于华熙生物科技股份有限公司2024年年度报告的信息披露监管问询函中有关财务会计问题的专项说明1784027105811.pdf,29,needs_ocr,extracted text has fewer than 40 characters
688363_2024_supporting_auditor_reply_bf52df92,华熙生物,688363,supporting,02_raw_pdf/688363_华熙生物/supporting/auditor_reply/688363_致同会计师事务所特殊普通合伙关于华熙生物科技股份有限公司2024年年度报告的信息披露监管问询函中有关财务会计问题的专项说明1784027105811.pdf,30,needs_ocr,extracted text has fewer than 40 characters
688363_2024_supporting_auditor_reply_bf52df92,华熙生物,688363,supporting,02_raw_pdf/688363_华熙生物/supporting/auditor_reply/688363_致同会计师事务所特殊普通合伙关于华熙生物科技股份有限公司2024年年度报告的信息披露监管问询函中有关财务会计问题的专项说明1784027105811.pdf,31,needs_ocr,extracted text has fewer than 40 characters
688363_2024_supporting_auditor_reply_bf52df92,华熙生物,688363,supporting,02_raw_pdf/688363_华熙生物/supporting/auditor_reply/688363_致同会计师事务所特殊普通合伙关于华熙生物科技股份有限公司2024年年度报告的信息披露监管问询函中有关财务会计问题的专项说明1784027105811.pdf,32,needs_ocr,extracted text has fewer than 40 characters
688363_2024_supporting_auditor_reply_bf52df92,华熙生物,688363,supporting,02_raw_pdf/688363_华熙生物/supporting/auditor_reply/688363_致同会计师事务所特殊普通合伙关于华熙生物科技股份有限公司2024年年度报告的信息披露监管问询函中有关财务会计问题的专项说明1784027105811.pdf,33,needs_ocr,extracted text has fewer than 40 characters
688363_2024_supporting_auditor_reply_bf52df92,华熙生物,688363,supporting,02_raw_pdf/688363_华熙生物/supporting/auditor_reply/688363_致同会计师事务所特殊普通合伙关于华熙生物科技股份有限公司2024年年度报告的信息披露监管问询函中有关财务会计问题的专项说明1784027105811.pdf,34,needs_ocr,extracted text has fewer than 40 characters
688363_2024_supporting_auditor_reply_bf52df92,华熙生物,688363,supporting,02_raw_pdf/688363_华熙生物/supporting/auditor_reply/688363_致同会计师事务所特殊普通合伙关于华熙生物科技股份有限公司2024年年度报告的信息披露监管问询函中有关财务会计问题的专项说明1784027105811.pdf,35,needs_ocr,extracted text has fewer than 40 characters
688363_2024_supporting_auditor_reply_bf52df92,华熙生物,688363,supporting,02_raw_pdf/688363_华熙生物/supporting/auditor_reply/688363_致同会计师事务所特殊普通合伙关于华熙生物科技股份有限公司2024年年度报告的信息披露监管问询函中有关财务会计问题的专项说明1784027105811.pdf,36,needs_ocr,extracted text has fewer than 40 characters
688363_2024_supporting_auditor_reply_bf52df92,华熙生物,688363,supporting,02_raw_pdf/688363_华熙生物/supporting/auditor_reply/688363_致同会计师事务所特殊普通合伙关于华熙生物科技股份有限公司2024年年度报告的信息披露监管问询函中有关财务会计问题的专项说明1784027105811.pdf,37,needs_ocr,extracted text has fewer than 40 characters
688363_2024_supporting_auditor_reply_bf52df92,华熙生物,688363,supporting,02_raw_pdf/688363_华熙生物/supporting/auditor_reply/688363_致同会计师事务所特殊普通合伙关于华熙生物科技股份有限公司2024年年度报告的信息披露监管问询函中有关财务会计问题的专项说明1784027105811.pdf,38,needs_ocr,extracted text has fewer than 40 characters
688363_2024_supporting_auditor_reply_bf52df92,华熙生物,688363,supporting,02_raw_pdf/688363_华熙生物/supporting/auditor_reply/688363_致同会计师事务所特殊普通合伙关于华熙生物科技股份有限公司2024年年度报告的信息披露监管问询函中有关财务会计问题的专项说明1784027105811.pdf,39,needs_ocr,extracted text has fewer than 40 characters
688363_2024_supporting_auditor_reply_bf52df92,华熙生物,688363,supporting,02_raw_pdf/688363_华熙生物/supporting/auditor_reply/688363_致同会计师事务所特殊普通合伙关于华熙生物科技股份有限公司2024年年度报告的信息披露监管问询函中有关财务会计问题的专项说明1784027105811.pdf,40,needs_ocr,extracted text has fewer than 40 characters
688363_2024_supporting_auditor_reply_bf52df92,华熙生物,688363,supporting,02_raw_pdf/688363_华熙生物/supporting/auditor_reply/688363_致同会计师事务所特殊普通合伙关于华熙生物科技股份有限公司2024年年度报告的信息披露监管问询函中有关财务会计问题的专项说明1784027105811.pdf,41,needs_ocr,extracted text has fewer than 40 characters
688363_2024_supporting_auditor_reply_bf52df92,华熙生物,688363,supporting,02_raw_pdf/688363_华熙生物/supporting/auditor_reply/688363_致同会计师事务所特殊普通合伙关于华熙生物科技股份有限公司2024年年度报告的信息披露监管问询函中有关财务会计问题的专项说明1784027105811.pdf,42,needs_ocr,extracted text has fewer than 40 characters
688363_2024_supporting_auditor_reply_bf52df92,华熙生物,688363,supporting,02_raw_pdf/688363_华熙生物/supporting/auditor_reply/688363_致同会计师事务所特殊普通合伙关于华熙生物科技股份有限公司2024年年度报告的信息披露监管问询函中有关财务会计问题的专项说明1784027105811.pdf,43,needs_ocr,extracted text has fewer than 40 characters
688363_2024_supporting_auditor_reply_bf52df92,华熙生物,688363,supporting,02_raw_pdf/688363_华熙生物/supporting/auditor_reply/688363_致同会计师事务所特殊普通合伙关于华熙生物科技股份有限公司2024年年度报告的信息披露监管问询函中有关财务会计问题的专项说明1784027105811.pdf,44,needs_ocr,extracted text has fewer than 40 characters
688363_2024_supporting_auditor_reply_bf52df92,华熙生物,688363,supporting,02_raw_pdf/688363_华熙生物/supporting/auditor_reply/688363_致同会计师事务所特殊普通合伙关于华熙生物科技股份有限公司2024年年度报告的信息披露监管问询函中有关财务会计问题的专项说明1784027105811.pdf,45,needs_ocr,extracted text has fewer than 40 characters
688611_2024_supporting_sponsor_or_broker_79065e1b,杭州柯林,688611,supporting,02_raw_pdf/688611_杭州柯林/supporting/sponsor_or_broker/688611_浙商证券股份有限公司关于杭州柯林电气股份有限公司2024年年度报告的信息披露监管问询函的回复1784027318311.pdf,56,needs_ocr,extracted text has fewer than 40 characters
688685_2024_supporting_auditor_reply_b12dfc9c,迈信林,688685,supporting,02_raw_pdf/688685_迈信林/supporting/auditor_reply/688685_立信会计师事务所特殊普通合伙关于对江苏迈信林航空科技股份有限公司2024年年度报告的信息披露监管问询函的回复1784026121950.pdf,1,needs_ocr,extracted text has fewer than 40 characters
688685_2024_supporting_auditor_reply_b12dfc9c,迈信林,688685,supporting,02_raw_pdf/688685_迈信林/supporting/auditor_reply/688685_立信会计师事务所特殊普通合伙关于对江苏迈信林航空科技股份有限公司2024年年度报告的信息披露监管问询函的回复1784026121950.pdf,2,needs_ocr,extracted text has fewer than 40 characters
688685_2024_supporting_auditor_reply_b12dfc9c,迈信林,688685,supporting,02_raw_pdf/688685_迈信林/supporting/auditor_reply/688685_立信会计师事务所特殊普通合伙关于对江苏迈信林航空科技股份有限公司2024年年度报告的信息披露监管问询函的回复1784026121950.pdf,3,needs_ocr,extracted text has fewer than 40 characters
688685_2024_supporting_auditor_reply_b12dfc9c,迈信林,688685,supporting,02_raw_pdf/688685_迈信林/supporting/auditor_reply/688685_立信会计师事务所特殊普通合伙关于对江苏迈信林航空科技股份有限公司2024年年度报告的信息披露监管问询函的回复1784026121950.pdf,4,needs_ocr,extracted text has fewer than 40 characters
688685_2024_supporting_auditor_reply_b12dfc9c,迈信林,688685,supporting,02_raw_pdf/688685_迈信林/supporting/auditor_reply/688685_立信会计师事务所特殊普通合伙关于对江苏迈信林航空科技股份有限公司2024年年度报告的信息披露监管问询函的回复1784026121950.pdf,5,needs_ocr,extracted text has fewer than 40 characters
688685_2024_supporting_auditor_reply_b12dfc9c,迈信林,688685,supporting,02_raw_pdf/688685_迈信林/supporting/auditor_reply/688685_立信会计师事务所特殊普通合伙关于对江苏迈信林航空科技股份有限公司2024年年度报告的信息披露监管问询函的回复1784026121950.pdf,6,needs_ocr,extracted text has fewer than 40 characters
688685_2024_supporting_auditor_reply_b12dfc9c,迈信林,688685,supporting,02_raw_pdf/688685_迈信林/supporting/auditor_reply/688685_立信会计师事务所特殊普通合伙关于对江苏迈信林航空科技股份有限公司2024年年度报告的信息披露监管问询函的回复1784026121950.pdf,7,needs_ocr,extracted text has fewer than 40 characters
688685_2024_supporting_auditor_reply_b12dfc9c,迈信林,688685,supporting,02_raw_pdf/688685_迈信林/supporting/auditor_reply/688685_立信会计师事务所特殊普通合伙关于对江苏迈信林航空科技股份有限公司2024年年度报告的信息披露监管问询函的回复1784026121950.pdf,8,needs_ocr,extracted text has fewer than 40 characters
688685_2024_supporting_auditor_reply_b12dfc9c,迈信林,688685,supporting,02_raw_pdf/688685_迈信林/supporting/auditor_reply/688685_立信会计师事务所特殊普通合伙关于对江苏迈信林航空科技股份有限公司2024年年度报告的信息披露监管问询函的回复1784026121950.pdf,9,needs_ocr,extracted text has fewer than 40 characters
688685_2024_supporting_auditor_reply_b12dfc9c,迈信林,688685,supporting,02_raw_pdf/688685_迈信林/supporting/auditor_reply/688685_立信会计师事务所特殊普通合伙关于对江苏迈信林航空科技股份有限公司2024年年度报告的信息披露监管问询函的回复1784026121950.pdf,10,needs_ocr,extracted text has fewer than 40 characters
688685_2024_supporting_auditor_reply_b12dfc9c,迈信林,688685,supporting,02_raw_pdf/688685_迈信林/supporting/auditor_reply/688685_立信会计师事务所特殊普通合伙关于对江苏迈信林航空科技股份有限公司2024年年度报告的信息披露监管问询函的回复1784026121950.pdf,11,needs_ocr,extracted text has fewer than 40 characters
688685_2024_supporting_auditor_reply_b12dfc9c,迈信林,688685,supporting,02_raw_pdf/688685_迈信林/supporting/auditor_reply/688685_立信会计师事务所特殊普通合伙关于对江苏迈信林航空科技股份有限公司2024年年度报告的信息披露监管问询函的回复1784026121950.pdf,12,needs_ocr,extracted text has fewer than 40 characters
688685_2024_supporting_auditor_reply_b12dfc9c,迈信林,688685,supporting,02_raw_pdf/688685_迈信林/supporting/auditor_reply/688685_立信会计师事务所特殊普通合伙关于对江苏迈信林航空科技股份有限公司2024年年度报告的信息披露监管问询函的回复1784026121950.pdf,13,needs_ocr,extracted text has fewer than 40 characters
688685_2024_supporting_auditor_reply_b12dfc9c,迈信林,688685,supporting,02_raw_pdf/688685_迈信林/supporting/auditor_reply/688685_立信会计师事务所特殊普通合伙关于对江苏迈信林航空科技股份有限公司2024年年度报告的信息披露监管问询函的回复1784026121950.pdf,14,needs_ocr,extracted text has fewer than 40 characters
688685_2024_supporting_auditor_reply_b12dfc9c,迈信林,688685,supporting,02_raw_pdf/688685_迈信林/supporting/auditor_reply/688685_立信会计师事务所特殊普通合伙关于对江苏迈信林航空科技股份有限公司2024年年度报告的信息披露监管问询函的回复1784026121950.pdf,15,needs_ocr,extracted text has fewer than 40 characters
688685_2024_supporting_auditor_reply_b12dfc9c,迈信林,688685,supporting,02_raw_pdf/688685_迈信林/supporting/auditor_reply/688685_立信会计师事务所特殊普通合伙关于对江苏迈信林航空科技股份有限公司2024年年度报告的信息披露监管问询函的回复1784026121950.pdf,16,needs_ocr,extracted text has fewer than 40 characters
688685_2024_supporting_auditor_reply_b12dfc9c,迈信林,688685,supporting,02_raw_pdf/688685_迈信林/supporting/auditor_reply/688685_立信会计师事务所特殊普通合伙关于对江苏迈信林航空科技股份有限公司2024年年度报告的信息披露监管问询函的回复1784026121950.pdf,17,needs_ocr,extracted text has fewer than 40 characters
688685_2024_supporting_auditor_reply_b12dfc9c,迈信林,688685,supporting,02_raw_pdf/688685_迈信林/supporting/auditor_reply/688685_立信会计师事务所特殊普通合伙关于对江苏迈信林航空科技股份有限公司2024年年度报告的信息披露监管问询函的回复1784026121950.pdf,18,needs_ocr,extracted text has fewer than 40 characters
688685_2024_supporting_auditor_reply_b12dfc9c,迈信林,688685,supporting,02_raw_pdf/688685_迈信林/supporting/auditor_reply/688685_立信会计师事务所特殊普通合伙关于对江苏迈信林航空科技股份有限公司2024年年度报告的信息披露监管问询函的回复1784026121950.pdf,19,needs_ocr,extracted text has fewer than 40 characters
688685_2024_supporting_auditor_reply_b12dfc9c,迈信林,688685,supporting,02_raw_pdf/688685_迈信林/supporting/auditor_reply/688685_立信会计师事务所特殊普通合伙关于对江苏迈信林航空科技股份有限公司2024年年度报告的信息披露监管问询函的回复1784026121950.pdf,20,needs_ocr,extracted text has fewer than 40 characters
688685_2024_supporting_auditor_reply_b12dfc9c,迈信林,688685,supporting,02_raw_pdf/688685_迈信林/supporting/auditor_reply/688685_立信会计师事务所特殊普通合伙关于对江苏迈信林航空科技股份有限公司2024年年度报告的信息披露监管问询函的回复1784026121950.pdf,21,needs_ocr,extracted text has fewer than 40 characters
688685_2024_supporting_auditor_reply_b12dfc9c,迈信林,688685,supporting,02_raw_pdf/688685_迈信林/supporting/auditor_reply/688685_立信会计师事务所特殊普通合伙关于对江苏迈信林航空科技股份有限公司2024年年度报告的信息披露监管问询函的回复1784026121950.pdf,22,needs_ocr,extracted text has fewer than 40 characters
688685_2024_supporting_auditor_reply_b12dfc9c,迈信林,688685,supporting,02_raw_pdf/688685_迈信林/supporting/auditor_reply/688685_立信会计师事务所特殊普通合伙关于对江苏迈信林航空科技股份有限公司2024年年度报告的信息披露监管问询函的回复1784026121950.pdf,23,needs_ocr,extracted text has fewer than 40 characters
688685_2024_supporting_auditor_reply_b12dfc9c,迈信林,688685,supporting,02_raw_pdf/688685_迈信林/supporting/auditor_reply/688685_立信会计师事务所特殊普通合伙关于对江苏迈信林航空科技股份有限公司2024年年度报告的信息披露监管问询函的回复1784026121950.pdf,24,needs_ocr,extracted text has fewer than 40 characters
688685_2024_supporting_auditor_reply_b12dfc9c,迈信林,688685,supporting,02_raw_pdf/688685_迈信林/supporting/auditor_reply/688685_立信会计师事务所特殊普通合伙关于对江苏迈信林航空科技股份有限公司2024年年度报告的信息披露监管问询函的回复1784026121950.pdf,25,needs_ocr,extracted text has fewer than 40 characters
688685_2024_supporting_auditor_reply_b12dfc9c,迈信林,688685,supporting,02_raw_pdf/688685_迈信林/supporting/auditor_reply/688685_立信会计师事务所特殊普通合伙关于对江苏迈信林航空科技股份有限公司2024年年度报告的信息披露监管问询函的回复1784026121950.pdf,26,needs_ocr,extracted text has fewer than 40 characters
688685_2024_supporting_auditor_reply_b12dfc9c,迈信林,688685,supporting,02_raw_pdf/688685_迈信林/supporting/auditor_reply/688685_立信会计师事务所特殊普通合伙关于对江苏迈信林航空科技股份有限公司2024年年度报告的信息披露监管问询函的回复1784026121950.pdf,27,needs_ocr,extracted text has fewer than 40 characters
688685_2024_supporting_auditor_reply_b12dfc9c,迈信林,688685,supporting,02_raw_pdf/688685_迈信林/supporting/auditor_reply/688685_立信会计师事务所特殊普通合伙关于对江苏迈信林航空科技股份有限公司2024年年度报告的信息披露监管问询函的回复1784026121950.pdf,28,needs_ocr,extracted text has fewer than 40 characters
688685_2024_supporting_auditor_reply_b12dfc9c,迈信林,688685,supporting,02_raw_pdf/688685_迈信林/supporting/auditor_reply/688685_立信会计师事务所特殊普通合伙关于对江苏迈信林航空科技股份有限公司2024年年度报告的信息披露监管问询函的回复1784026121950.pdf,29,needs_ocr,extracted text has fewer than 40 characters
688685_2024_supporting_auditor_reply_b12dfc9c,迈信林,688685,supporting,02_raw_pdf/688685_迈信林/supporting/auditor_reply/688685_立信会计师事务所特殊普通合伙关于对江苏迈信林航空科技股份有限公司2024年年度报告的信息披露监管问询函的回复1784026121950.pdf,30,needs_ocr,extracted text has fewer than 40 characters
688685_2024_supporting_auditor_reply_b12dfc9c,迈信林,688685,supporting,02_raw_pdf/688685_迈信林/supporting/auditor_reply/688685_立信会计师事务所特殊普通合伙关于对江苏迈信林航空科技股份有限公司2024年年度报告的信息披露监管问询函的回复1784026121950.pdf,31,needs_ocr,extracted text has fewer than 40 characters
688685_2024_supporting_auditor_reply_b12dfc9c,迈信林,688685,supporting,02_raw_pdf/688685_迈信林/supporting/auditor_reply/688685_立信会计师事务所特殊普通合伙关于对江苏迈信林航空科技股份有限公司2024年年度报告的信息披露监管问询函的回复1784026121950.pdf,32,needs_ocr,extracted text has fewer than 40 characters
688685_2024_supporting_auditor_reply_b12dfc9c,迈信林,688685,supporting,02_raw_pdf/688685_迈信林/supporting/auditor_reply/688685_立信会计师事务所特殊普通合伙关于对江苏迈信林航空科技股份有限公司2024年年度报告的信息披露监管问询函的回复1784026121950.pdf,33,needs_ocr,extracted text has fewer than 40 characters
688685_2024_supporting_auditor_reply_b12dfc9c,迈信林,688685,supporting,02_raw_pdf/688685_迈信林/supporting/auditor_reply/688685_立信会计师事务所特殊普通合伙关于对江苏迈信林航空科技股份有限公司2024年年度报告的信息披露监管问询函的回复1784026121950.pdf,34,needs_ocr,extracted text has fewer than 40 characters
688685_2024_supporting_auditor_reply_b12dfc9c,迈信林,688685,supporting,02_raw_pdf/688685_迈信林/supporting/auditor_reply/688685_立信会计师事务所特殊普通合伙关于对江苏迈信林航空科技股份有限公司2024年年度报告的信息披露监管问询函的回复1784026121950.pdf,35,needs_ocr,extracted text has fewer than 40 characters
688685_2024_supporting_auditor_reply_b12dfc9c,迈信林,688685,supporting,02_raw_pdf/688685_迈信林/supporting/auditor_reply/688685_立信会计师事务所特殊普通合伙关于对江苏迈信林航空科技股份有限公司2024年年度报告的信息披露监管问询函的回复1784026121950.pdf,36,needs_ocr,extracted text has fewer than 40 characters
688685_2024_supporting_auditor_reply_b12dfc9c,迈信林,688685,supporting,02_raw_pdf/688685_迈信林/supporting/auditor_reply/688685_立信会计师事务所特殊普通合伙关于对江苏迈信林航空科技股份有限公司2024年年度报告的信息披露监管问询函的回复1784026121950.pdf,37,needs_ocr,extracted text has fewer than 40 characters
688685_2024_supporting_auditor_reply_b12dfc9c,迈信林,688685,supporting,02_raw_pdf/688685_迈信林/supporting/auditor_reply/688685_立信会计师事务所特殊普通合伙关于对江苏迈信林航空科技股份有限公司2024年年度报告的信息披露监管问询函的回复1784026121950.pdf,38,needs_ocr,extracted text has fewer than 40 characters
688685_2024_supporting_auditor_reply_b12dfc9c,迈信林,688685,supporting,02_raw_pdf/688685_迈信林/supporting/auditor_reply/688685_立信会计师事务所特殊普通合伙关于对江苏迈信林航空科技股份有限公司2024年年度报告的信息披露监管问询函的回复1784026121950.pdf,39,needs_ocr,extracted text has fewer than 40 characters
688685_2024_supporting_auditor_reply_b12dfc9c,迈信林,688685,supporting,02_raw_pdf/688685_迈信林/supporting/auditor_reply/688685_立信会计师事务所特殊普通合伙关于对江苏迈信林航空科技股份有限公司2024年年度报告的信息披露监管问询函的回复1784026121950.pdf,40,needs_ocr,extracted text has fewer than 40 characters
688685_2024_supporting_auditor_reply_b12dfc9c,迈信林,688685,supporting,02_raw_pdf/688685_迈信林/supporting/auditor_reply/688685_立信会计师事务所特殊普通合伙关于对江苏迈信林航空科技股份有限公司2024年年度报告的信息披露监管问询函的回复1784026121950.pdf,41,needs_ocr,extracted text has fewer than 40 characters
688685_2024_supporting_auditor_reply_b12dfc9c,迈信林,688685,supporting,02_raw_pdf/688685_迈信林/supporting/auditor_reply/688685_立信会计师事务所特殊普通合伙关于对江苏迈信林航空科技股份有限公司2024年年度报告的信息披露监管问询函的回复1784026121950.pdf,42,needs_ocr,extracted text has fewer than 40 characters
688685_2024_supporting_auditor_reply_b12dfc9c,迈信林,688685,supporting,02_raw_pdf/688685_迈信林/supporting/auditor_reply/688685_立信会计师事务所特殊普通合伙关于对江苏迈信林航空科技股份有限公司2024年年度报告的信息披露监管问询函的回复1784026121950.pdf,43,needs_ocr,extracted text has fewer than 40 characters
688685_2024_supporting_auditor_reply_b12dfc9c,迈信林,688685,supporting,02_raw_pdf/688685_迈信林/supporting/auditor_reply/688685_立信会计师事务所特殊普通合伙关于对江苏迈信林航空科技股份有限公司2024年年度报告的信息披露监管问询函的回复1784026121950.pdf,44,needs_ocr,extracted text has fewer than 40 characters
688685_2024_supporting_auditor_reply_b12dfc9c,迈信林,688685,supporting,02_raw_pdf/688685_迈信林/supporting/auditor_reply/688685_立信会计师事务所特殊普通合伙关于对江苏迈信林航空科技股份有限公司2024年年度报告的信息披露监管问询函的回复1784026121950.pdf,45,needs_ocr,extracted text has fewer than 40 characters
688685_2024_supporting_auditor_reply_b12dfc9c,迈信林,688685,supporting,02_raw_pdf/688685_迈信林/supporting/auditor_reply/688685_立信会计师事务所特殊普通合伙关于对江苏迈信林航空科技股份有限公司2024年年度报告的信息披露监管问询函的回复1784026121950.pdf,46,needs_ocr,extracted text has fewer than 40 characters
688685_2024_supporting_auditor_reply_b12dfc9c,迈信林,688685,supporting,02_raw_pdf/688685_迈信林/supporting/auditor_reply/688685_立信会计师事务所特殊普通合伙关于对江苏迈信林航空科技股份有限公司2024年年度报告的信息披露监管问询函的回复1784026121950.pdf,47,needs_ocr,extracted text has fewer than 40 characters
688685_2024_supporting_auditor_reply_b12dfc9c,迈信林,688685,supporting,02_raw_pdf/688685_迈信林/supporting/auditor_reply/688685_立信会计师事务所特殊普通合伙关于对江苏迈信林航空科技股份有限公司2024年年度报告的信息披露监管问询函的回复1784026121950.pdf,48,needs_ocr,extracted text has fewer than 40 characters
688685_2024_supporting_auditor_reply_b12dfc9c,迈信林,688685,supporting,02_raw_pdf/688685_迈信林/supporting/auditor_reply/688685_立信会计师事务所特殊普通合伙关于对江苏迈信林航空科技股份有限公司2024年年度报告的信息披露监管问询函的回复1784026121950.pdf,49,needs_ocr,extracted text has fewer than 40 characters
688685_2024_supporting_auditor_reply_b12dfc9c,迈信林,688685,supporting,02_raw_pdf/688685_迈信林/supporting/auditor_reply/688685_立信会计师事务所特殊普通合伙关于对江苏迈信林航空科技股份有限公司2024年年度报告的信息披露监管问询函的回复1784026121950.pdf,50,needs_ocr,extracted text has fewer than 40 characters
688685_2024_supporting_auditor_reply_b12dfc9c,迈信林,688685,supporting,02_raw_pdf/688685_迈信林/supporting/auditor_reply/688685_立信会计师事务所特殊普通合伙关于对江苏迈信林航空科技股份有限公司2024年年度报告的信息披露监管问询函的回复1784026121950.pdf,51,needs_ocr,extracted text has fewer than 40 characters
688685_2024_supporting_auditor_reply_b12dfc9c,迈信林,688685,supporting,02_raw_pdf/688685_迈信林/supporting/auditor_reply/688685_立信会计师事务所特殊普通合伙关于对江苏迈信林航空科技股份有限公司2024年年度报告的信息披露监管问询函的回复1784026121950.pdf,52,needs_ocr,extracted text has fewer than 40 characters
688685_2024_supporting_auditor_reply_b12dfc9c,迈信林,688685,supporting,02_raw_pdf/688685_迈信林/supporting/auditor_reply/688685_立信会计师事务所特殊普通合伙关于对江苏迈信林航空科技股份有限公司2024年年度报告的信息披露监管问询函的回复1784026121950.pdf,53,needs_ocr,extracted text has fewer than 40 characters
688685_2024_supporting_auditor_reply_b12dfc9c,迈信林,688685,supporting,02_raw_pdf/688685_迈信林/supporting/auditor_reply/688685_立信会计师事务所特殊普通合伙关于对江苏迈信林航空科技股份有限公司2024年年度报告的信息披露监管问询函的回复1784026121950.pdf,54,needs_ocr,extracted text has fewer than 40 characters
688685_2024_supporting_auditor_reply_b12dfc9c,迈信林,688685,supporting,02_raw_pdf/688685_迈信林/supporting/auditor_reply/688685_立信会计师事务所特殊普通合伙关于对江苏迈信林航空科技股份有限公司2024年年度报告的信息披露监管问询函的回复1784026121950.pdf,55,needs_ocr,extracted text has fewer than 40 characters
688685_2024_supporting_auditor_reply_b12dfc9c,迈信林,688685,supporting,02_raw_pdf/688685_迈信林/supporting/auditor_reply/688685_立信会计师事务所特殊普通合伙关于对江苏迈信林航空科技股份有限公司2024年年度报告的信息披露监管问询函的回复1784026121950.pdf,56,needs_ocr,extracted text has fewer than 40 characters
688685_2024_supporting_auditor_reply_b12dfc9c,迈信林,688685,supporting,02_raw_pdf/688685_迈信林/supporting/auditor_reply/688685_立信会计师事务所特殊普通合伙关于对江苏迈信林航空科技股份有限公司2024年年度报告的信息披露监管问询函的回复1784026121950.pdf,57,needs_ocr,extracted text has fewer than 40 characters
688685_2024_supporting_auditor_reply_b12dfc9c,迈信林,688685,supporting,02_raw_pdf/688685_迈信林/supporting/auditor_reply/688685_立信会计师事务所特殊普通合伙关于对江苏迈信林航空科技股份有限公司2024年年度报告的信息披露监管问询函的回复1784026121950.pdf,58,needs_ocr,extracted text has fewer than 40 characters
688685_2024_supporting_auditor_reply_b12dfc9c,迈信林,688685,supporting,02_raw_pdf/688685_迈信林/supporting/auditor_reply/688685_立信会计师事务所特殊普通合伙关于对江苏迈信林航空科技股份有限公司2024年年度报告的信息披露监管问询函的回复1784026121950.pdf,59,needs_ocr,extracted text has fewer than 40 characters
688685_2024_supporting_auditor_reply_b12dfc9c,迈信林,688685,supporting,02_raw_pdf/688685_迈信林/supporting/auditor_reply/688685_立信会计师事务所特殊普通合伙关于对江苏迈信林航空科技股份有限公司2024年年度报告的信息披露监管问询函的回复1784026121950.pdf,60,needs_ocr,extracted text has fewer than 40 characters
688685_2024_supporting_auditor_reply_b12dfc9c,迈信林,688685,supporting,02_raw_pdf/688685_迈信林/supporting/auditor_reply/688685_立信会计师事务所特殊普通合伙关于对江苏迈信林航空科技股份有限公司2024年年度报告的信息披露监管问询函的回复1784026121950.pdf,61,needs_ocr,extracted text has fewer than 40 characters
688685_2024_supporting_auditor_reply_b12dfc9c,迈信林,688685,supporting,02_raw_pdf/688685_迈信林/supporting/auditor_reply/688685_立信会计师事务所特殊普通合伙关于对江苏迈信林航空科技股份有限公司2024年年度报告的信息披露监管问询函的回复1784026121950.pdf,62,needs_ocr,extracted text has fewer than 40 characters
688685_2024_supporting_auditor_reply_b12dfc9c,迈信林,688685,supporting,02_raw_pdf/688685_迈信林/supporting/auditor_reply/688685_立信会计师事务所特殊普通合伙关于对江苏迈信林航空科技股份有限公司2024年年度报告的信息披露监管问询函的回复1784026121950.pdf,63,needs_ocr,extracted text has fewer than 40 characters
688685_2024_supporting_auditor_reply_b12dfc9c,迈信林,688685,supporting,02_raw_pdf/688685_迈信林/supporting/auditor_reply/688685_立信会计师事务所特殊普通合伙关于对江苏迈信林航空科技股份有限公司2024年年度报告的信息披露监管问询函的回复1784026121950.pdf,64,needs_ocr,extracted text has fewer than 40 characters
688685_2024_supporting_auditor_reply_b12dfc9c,迈信林,688685,supporting,02_raw_pdf/688685_迈信林/supporting/auditor_reply/688685_立信会计师事务所特殊普通合伙关于对江苏迈信林航空科技股份有限公司2024年年度报告的信息披露监管问询函的回复1784026121950.pdf,65,needs_ocr,extracted text has fewer than 40 characters
688685_2024_supporting_auditor_reply_b12dfc9c,迈信林,688685,supporting,02_raw_pdf/688685_迈信林/supporting/auditor_reply/688685_立信会计师事务所特殊普通合伙关于对江苏迈信林航空科技股份有限公司2024年年度报告的信息披露监管问询函的回复1784026121950.pdf,66,needs_ocr,extracted text has fewer than 40 characters
688685_2024_supporting_auditor_reply_b12dfc9c,迈信林,688685,supporting,02_raw_pdf/688685_迈信林/supporting/auditor_reply/688685_立信会计师事务所特殊普通合伙关于对江苏迈信林航空科技股份有限公司2024年年度报告的信息披露监管问询函的回复1784026121950.pdf,67,needs_ocr,extracted text has fewer than 40 characters
688685_2024_supporting_auditor_reply_b12dfc9c,迈信林,688685,supporting,02_raw_pdf/688685_迈信林/supporting/auditor_reply/688685_立信会计师事务所特殊普通合伙关于对江苏迈信林航空科技股份有限公司2024年年度报告的信息披露监管问询函的回复1784026121950.pdf,68,needs_ocr,extracted text has fewer than 40 characters
688685_2024_supporting_sponsor_or_broker_f0f300f1,迈信林,688685,supporting,02_raw_pdf/688685_迈信林/supporting/sponsor_or_broker/688685_国泰海通证券股份有限公司关于江苏迈信林航空科技股份有限公司2024年年度报告的信息披露监管问询函的核查意见1784025974031.pdf,80,needs_ocr,extracted text has fewer than 40 characters
688793_2024_reply_1257454f,倍轻松,688793,reply,02_raw_pdf/688793_倍轻松/reply/688793_深圳市倍轻松科技股份有限公司关于2024年年度报告的信息披露监管问询函的回复公告1784026976394.pdf,69,needs_ocr,extracted text has fewer than 40 characters
688793_2024_reply_1257454f,倍轻松,688793,reply,02_raw_pdf/688793_倍轻松/reply/688793_深圳市倍轻松科技股份有限公司关于2024年年度报告的信息披露监管问询函的回复公告1784026976394.pdf,183,needs_ocr,extracted text has fewer than 40 characters
834033_2024_annual_report_9f76c622,康普化学,834033,annual_report,02_raw_pdf/834033_康普化学/annual_report/834033_康普化学2024年年度报告1784024826637.pdf,57,needs_ocr,extracted text has fewer than 40 characters
835174_2024_annual_report_35ffd001,五新隧装,835174,annual_report,02_raw_pdf/835174_五新隧装/annual_report/835174_五新隧装2024年年度报告1784024828340.pdf,4,needs_ocr,extracted text has fewer than 40 characters
835174_2024_annual_report_35ffd001,五新隧装,835174,annual_report,02_raw_pdf/835174_五新隧装/annual_report/835174_五新隧装2024年年度报告1784024828340.pdf,7,needs_ocr,extracted text has fewer than 40 characters
835174_2024_annual_report_35ffd001,五新隧装,835174,annual_report,02_raw_pdf/835174_五新隧装/annual_report/835174_五新隧装2024年年度报告1784024828340.pdf,10,needs_ocr,extracted text has fewer than 40 characters
835174_2024_annual_report_35ffd001,五新隧装,835174,annual_report,02_raw_pdf/835174_五新隧装/annual_report/835174_五新隧装2024年年度报告1784024828340.pdf,18,needs_ocr,extracted text has fewer than 40 characters
835174_2024_annual_report_35ffd001,五新隧装,835174,annual_report,02_raw_pdf/835174_五新隧装/annual_report/835174_五新隧装2024年年度报告1784024828340.pdf,71,needs_ocr,extracted text has fewer than 40 characters
835174_2024_annual_report_35ffd001,五新隧装,835174,annual_report,02_raw_pdf/835174_五新隧装/annual_report/835174_五新隧装2024年年度报告1784024828340.pdf,80,needs_ocr,extracted text has fewer than 40 characters
835174_2024_annual_report_35ffd001,五新隧装,835174,annual_report,02_raw_pdf/835174_五新隧装/annual_report/835174_五新隧装2024年年度报告1784024828340.pdf,86,needs_ocr,extracted text has fewer than 40 characters
835174_2024_annual_report_35ffd001,五新隧装,835174,annual_report,02_raw_pdf/835174_五新隧装/annual_report/835174_五新隧装2024年年度报告1784024828340.pdf,91,needs_ocr,extracted text has fewer than 40 characters
835174_2024_annual_report_35ffd001,五新隧装,835174,annual_report,02_raw_pdf/835174_五新隧装/annual_report/835174_五新隧装2024年年度报告1784024828340.pdf,97,needs_ocr,extracted text has fewer than 40 characters
835174_2024_annual_report_35ffd001,五新隧装,835174,annual_report,02_raw_pdf/835174_五新隧装/annual_report/835174_五新隧装2024年年度报告1784024828340.pdf,98,needs_ocr,extracted text has fewer than 40 characters
835174_2024_annual_report_35ffd001,五新隧装,835174,annual_report,02_raw_pdf/835174_五新隧装/annual_report/835174_五新隧装2024年年度报告1784024828340.pdf,99,needs_ocr,extracted text has fewer than 40 characters
835174_2024_annual_report_35ffd001,五新隧装,835174,annual_report,02_raw_pdf/835174_五新隧装/annual_report/835174_五新隧装2024年年度报告1784024828340.pdf,110,needs_ocr,extracted text has fewer than 40 characters
835174_2024_annual_report_35ffd001,五新隧装,835174,annual_report,02_raw_pdf/835174_五新隧装/annual_report/835174_五新隧装2024年年度报告1784024828340.pdf,205,needs_ocr,extracted text has fewer than 40 characters
